City_ID,City,Country,Lat,Lng,Max Temp,Humidity,Cloudiness,Wind Speed,Current Description
0,Punta Arenas,CL,-53.15,-70.9167,42.91,81,0,14.97,clear sky
1,Saskylakh,RU,71.9167,114.0833,49.78,71,82,7.9,broken clouds
2,Sol-Iletsk,RU,51.1631,54.9918,80.35,38,18,2.8,few clouds
3,Port Hardy,CA,50.6996,-127.4199,60.8,83,55,2.68,broken clouds
4,Rikitea,PF,-23.1203,-134.9692,73.09,79,99,24.9,light rain
5,Kulhudhuffushi,MV,6.6221,73.07,81.57,84,31,11.77,scattered clouds
6,Mataura,NZ,-46.1927,168.8643,44.47,94,98,1.7,overcast clouds
7,Hithadhoo,MV,-0.6,73.0833,82.44,72,77,5.88,broken clouds
8,Port Alfred,ZA,-33.5906,26.891,62.94,80,80,10.69,broken clouds
9,Tanout,NE,14.9709,8.8879,95.31,29,100,9.28,overcast clouds
10,Sitka,US,57.0531,-135.33,57.43,83,98,1.63,overcast clouds
11,Cidreira,BR,-30.1811,-50.2056,61.99,63,88,12.3,overcast clouds
12,East London,ZA,-33.0153,27.9116,65.53,72,88,8.08,overcast clouds
13,Khandyga,RU,62.6667,135.6,55.36,96,100,0.94,overcast clouds
14,Bluff,NZ,-46.6,168.3333,44.8,67,99,9.06,overcast clouds
15,Cayenne,GF,4.9333,-52.3333,91.44,20,75,5.75,broken clouds
16,Esperance,AU,-33.8667,121.9,56.79,68,95,21.94,overcast clouds
17,Albany,US,42.6001,-73.9662,75.36,69,61,5.14,broken clouds
18,Ushuaia,AR,-54.8,-68.3,40.59,84,100,4.59,overcast clouds
19,Ribeira Grande,PT,38.5167,-28.7,75.6,78,40,3.44,scattered clouds
20,Kantang,TH,7.4054,99.5156,79.25,83,86,4.14,overcast clouds
21,Yellowknife,CA,62.456,-114.3525,59.56,82,100,13.0,overcast clouds
22,Atuona,PF,-9.8,-139.0333,77.43,77,35,22.88,light rain
23,Dudinka,RU,69.4058,86.1778,47.75,80,100,6.35,overcast clouds
24,Hobart,AU,-42.8794,147.3294,44.26,77,100,8.05,overcast clouds
25,Brazzaville,CG,-4.2658,15.2832,95.94,22,42,4.23,scattered clouds
26,Castro,BR,-24.7911,-50.0119,47.84,90,95,17.85,overcast clouds
27,Upernavik,GL,72.7868,-56.1549,40.57,86,99,9.42,overcast clouds
28,Victoria,HK,22.2855,114.1577,82.26,91,100,10.0,overcast clouds
29,Saint-Philippe,RE,-21.3585,55.7679,67.59,77,62,17.4,broken clouds
30,Canton,CN,23.1167,113.25,78.87,91,100,11.14,overcast clouds
31,Airai,TL,-8.9266,125.4092,57.36,57,13,2.39,few clouds
32,Cuamba,MZ,-14.8031,36.5372,76.3,30,2,2.46,clear sky
33,Tromso,NO,69.6496,18.957,55.42,94,75,19.57,broken clouds
34,Cape Town,ZA,-33.9258,18.4232,57.88,91,100,5.01,light rain
35,Mecca,SA,21.4267,39.8261,94.5,43,60,6.98,broken clouds
36,San Quintin,MX,30.4833,-115.95,75.88,67,14,6.08,few clouds
37,Pevek,RU,69.7008,170.3133,33.87,96,60,0.83,broken clouds
38,Busselton,AU,-33.65,115.3333,49.77,86,4,6.15,clear sky
39,New Norfolk,AU,-42.7826,147.0587,43.92,74,100,3.02,overcast clouds
40,Huzhou,CN,30.8703,120.0933,82.13,80,98,5.99,overcast clouds
41,Kapaa,US,22.0752,-159.319,77.11,91,61,4.0,broken clouds
42,Grindavik,IS,63.8424,-22.4338,52.27,82,75,16.11,broken clouds
43,Bredasdorp,ZA,-34.5322,20.0403,55.54,91,100,8.16,overcast clouds
44,Nikolskoye,RU,59.7035,30.7861,71.49,54,8,5.12,clear sky
45,Sao Filipe,CV,14.8961,-24.4956,78.8,86,56,6.49,broken clouds
46,Kodiak,US,57.79,-152.4072,54.91,88,100,6.91,overcast clouds
47,Port Elizabeth,ZA,-33.918,25.5701,62.1,84,93,7.0,overcast clouds
48,Kudahuvadhoo,MV,2.6708,72.8944,82.22,77,66,6.29,broken clouds
49,Hilo,US,19.7297,-155.09,81.28,95,100,13.8,light rain
50,Chuy,UY,-33.6971,-53.4616,56.25,61,9,8.05,clear sky
51,Isangel,VU,-19.55,169.2667,69.6,58,65,14.29,broken clouds
52,Amarante Do Maranhao,BR,-5.5667,-46.7422,98.71,15,7,5.12,clear sky
53,Bereznik,RU,62.8551,42.7072,64.04,61,42,4.36,scattered clouds
54,Mareeba,AU,-17.0,145.4333,63.32,99,27,2.15,scattered clouds
55,Margate,GB,51.3813,1.3862,79.11,70,39,5.99,scattered clouds
56,Port Dover,CA,42.7834,-80.1997,79.2,76,46,6.17,scattered clouds
57,Las Choapas,MX,17.9333,-94.0833,82.83,76,56,6.93,broken clouds
58,Quime,BO,-16.9833,-67.2167,58.33,48,18,6.96,few clouds
59,Madang,PG,-5.2246,145.7966,76.69,91,100,3.49,overcast clouds
60,Sai Buri,TH,6.7013,101.6168,78.82,83,57,3.15,broken clouds
61,Nanortalik,GL,60.1432,-45.2371,45.14,77,72,9.66,broken clouds
62,Ponta Do Sol,PT,32.6667,-17.1,79.12,67,30,7.49,scattered clouds
63,El Tular,MX,18.1583,-93.35,83.14,70,74,3.91,broken clouds
64,Carnarvon,AU,-24.8667,113.6333,60.67,48,0,17.0,clear sky
65,Komsomolskiy,UZ,40.4272,71.7189,84.92,37,25,4.61,scattered clouds
66,Chokurdakh,RU,70.6333,147.9167,53.87,68,1,8.88,clear sky
67,Nuuk,GL,64.1835,-51.7216,41.61,100,100,3.44,fog
68,Gamba,GA,-2.65,10.0,74.03,77,90,10.11,overcast clouds
69,Fairbanks,US,64.8378,-147.7164,44.92,91,43,2.57,scattered clouds
70,Kiunga,PG,-6.1219,141.2906,73.15,99,99,3.47,overcast clouds
71,Mahebourg,MU,-20.4081,57.7,70.25,61,68,22.75,broken clouds
72,Lima,PE,-12.0432,-77.0282,64.04,70,11,8.05,few clouds
73,Faanui,PF,-16.4833,-151.75,75.78,74,0,4.05,light rain
74,Colotlan,MX,22.1,-103.2667,70.9,57,76,4.9,broken clouds
75,Georgetown,MY,5.4112,100.3354,83.89,78,20,0.0,few clouds
76,Auburn,US,47.3073,-122.2284,65.61,86,100,6.91,overcast clouds
77,Port Blair,IN,11.6667,92.75,81.36,83,100,13.15,overcast clouds
78,Khatanga,RU,71.9667,102.5,46.98,73,100,13.49,overcast clouds
79,Sterling,US,39.0062,-77.4286,92.41,68,40,5.01,scattered clouds
80,Bosaso,SO,11.2842,49.1816,88.59,60,67,3.42,broken clouds
81,Palu,ID,-0.8917,119.8707,75.83,94,88,2.3,overcast clouds
82,Lompoc,US,34.6391,-120.4579,71.85,96,100,3.44,mist
83,Laguna,US,38.421,-121.4238,72.34,74,0,5.75,clear sky
84,Mayo,US,38.8876,-76.5119,91.35,69,20,4.61,few clouds
85,Hermanus,ZA,-34.4187,19.2345,58.8,88,100,10.83,light rain
86,Flinders,AU,-34.5833,150.8552,52.38,86,100,1.99,overcast clouds
87,Marawi,PH,7.9986,124.2928,69.35,89,99,1.57,overcast clouds
88,Henties Bay,NA,-22.116,14.2845,56.79,85,22,10.36,few clouds
89,Rieti,IT,42.4072,12.8592,84.18,73,92,5.12,overcast clouds
90,Vaini,TO,-21.2,-175.2,77.16,94,40,10.36,scattered clouds
91,Bambous Virieux,MU,-20.3428,57.7575,70.21,60,73,22.57,broken clouds
92,Darayya,SY,33.459,36.2374,84.96,27,0,11.63,clear sky
93,Ugoofaaru,MV,5.6667,73.0,81.84,83,67,9.73,broken clouds
94,Kavieng,PG,-2.5744,150.7967,79.34,77,100,0.22,overcast clouds
95,Carnot,CF,4.9409,15.8665,76.17,92,99,3.98,moderate rain
96,Cabo San Lucas,MX,22.8909,-109.9124,90.61,67,81,3.15,broken clouds
97,Cherskiy,RU,68.75,161.3,50.09,84,0,4.68,clear sky
98,Olavarria,AR,-36.8927,-60.3225,53.02,67,100,15.64,overcast clouds
99,Camana,PE,-16.6228,-72.7111,63.66,72,43,6.64,scattered clouds
100,Luchegorsk,RU,46.4764,134.2569,60.55,89,76,6.31,broken clouds
101,Hambantota,LK,6.1241,81.1185,79.14,83,20,5.75,few clouds
102,Tautira,PF,-17.7333,-149.15,75.97,75,55,11.59,light rain
103,Mount Gambier,AU,-37.8333,140.7667,48.11,93,100,17.27,light rain
104,Batagay,RU,67.6333,134.6333,55.98,71,0,0.94,clear sky
105,Olbia,IT,40.9214,9.4856,86.05,48,0,9.22,clear sky
106,Lavrentiya,RU,65.5833,-171.0,45.23,75,89,6.71,overcast clouds
107,Flin Flon,CA,54.7682,-101.865,64.24,45,8,3.29,clear sky
108,Bengkulu,ID,-3.8004,102.2655,76.39,90,49,4.45,scattered clouds
109,Belen,TR,36.4891,36.2233,77.14,61,40,17.27,scattered clouds
110,Kawalu,ID,-7.3817,108.2082,72.5,97,86,0.76,overcast clouds
111,Uribia,CO,11.7139,-72.266,91.6,49,100,22.62,overcast clouds
112,Anito,PH,12.4497,125.2886,78.37,88,68,2.73,broken clouds
113,Pisco,PE,-13.7,-76.2167,62.02,79,27,6.67,scattered clouds
114,Darhan,MN,49.4867,105.9228,57.63,93,76,4.52,broken clouds
115,Port Hedland,AU,-20.3167,118.5667,59.05,67,31,8.05,scattered clouds
116,Tasiilaq,GL,65.6145,-37.6368,42.96,72,10,1.57,clear sky
117,Xining,CN,36.6167,101.7667,66.54,91,100,1.7,overcast clouds
118,Khandbari,NP,27.3747,87.2039,74.28,91,88,2.93,overcast clouds
119,Touros,BR,-5.1989,-35.4608,83.91,53,8,16.13,clear sky
120,Cedar City,US,37.6775,-113.0619,75.4,64,0,6.91,clear sky
121,Tuktoyaktuk,CA,69.4541,-133.0374,43.11,91,100,20.74,light rain
122,Deputatskiy,RU,69.3,139.9,49.71,81,0,0.96,clear sky
123,Makakilo City,US,21.3469,-158.0858,76.75,68,100,5.75,overcast clouds
124,Ballina,AU,-28.8667,153.5667,51.01,98,98,6.42,overcast clouds
125,Mount Isa,AU,-20.7333,139.5,49.77,50,0,0.0,clear sky
126,Macia,MZ,-25.0269,33.0989,70.7,57,0,5.26,clear sky
127,Butaritari,KI,3.0707,172.7902,81.52,78,99,14.61,overcast clouds
128,Provideniya,RU,64.3833,-173.3,48.85,93,99,5.91,overcast clouds
129,Saldanha,ZA,-33.0117,17.9442,58.35,90,100,5.17,overcast clouds
130,Jamestown,US,42.097,-79.2353,74.95,54,75,4.61,broken clouds
131,Ahipara,NZ,-35.1667,173.1667,48.78,87,96,6.8,overcast clouds
132,Westport,US,41.1415,-73.3579,84.61,59,75,8.05,broken clouds
133,Dongkan,CN,33.9997,119.8308,78.37,93,64,1.95,broken clouds
134,Sohag,EG,26.557,31.6948,99.84,18,0,15.3,clear sky
135,Kamariotissa,GR,40.4833,25.4667,83.77,53,33,16.78,scattered clouds
136,Jiuquan,CN,39.7432,98.5174,82.45,45,4,12.77,clear sky
137,Codrington,AU,-38.2667,141.9667,47.66,88,100,19.95,light rain
138,Kaeo,NZ,-35.1,173.7833,49.32,94,95,7.83,overcast clouds
139,Azangaro,PE,-14.9167,-70.2167,52.14,46,91,0.45,overcast clouds
140,Garango,BF,11.8,-0.5506,85.96,58,56,6.24,light rain
141,Kaitangata,NZ,-46.2817,169.8464,38.39,84,96,2.75,overcast clouds
142,Ambon,ID,-3.6954,128.1814,77.23,15,75,4.61,heavy intensity rain
143,Huarmey,PE,-10.0681,-78.1522,66.88,70,54,8.93,broken clouds
144,Ibipeba,BR,-11.6408,-42.0111,88.09,18,0,2.06,clear sky
145,Belyy Yar,RU,53.6039,91.3903,66.09,67,0,6.71,clear sky
146,Buraydah,SA,26.326,43.975,106.79,13,58,17.05,broken clouds
147,Concordia,AR,-31.393,-58.0209,55.47,71,0,11.99,clear sky
148,Avarua,CK,-21.2078,-159.775,68.05,88,20,2.3,few clouds
149,Petropavlovsk-Kamchatskiy,RU,53.0452,158.6483,53.42,91,100,1.1,overcast clouds
150,Barrow,US,71.2906,-156.7887,44.62,87,100,12.66,overcast clouds
151,Lere,NG,10.387,8.5726,79.41,75,85,6.96,light rain
152,Ust-Barguzin,RU,53.45,108.9833,51.87,75,81,2.08,broken clouds
153,Makinsk,KZ,52.6292,70.4169,62.87,65,65,5.5,broken clouds
154,Arraial Do Cabo,BR,-22.9661,-42.0278,73.26,83,100,10.36,light rain
155,Batemans Bay,AU,-35.7167,150.1833,52.11,92,97,5.17,overcast clouds
156,Severo-Kurilsk,RU,50.6789,156.125,54.63,95,97,11.32,overcast clouds
157,Kotka,FI,60.4664,26.9458,72.66,71,76,15.17,broken clouds
158,Bethel,US,41.3712,-73.414,83.35,58,40,8.05,scattered clouds
159,Takoradi,GH,4.8845,-1.7554,78.22,71,77,13.76,broken clouds
160,Batagay-Alyta,RU,67.8006,130.4114,55.63,73,7,1.9,clear sky
161,Lebu,CL,-37.6167,-73.65,51.55,68,85,5.35,overcast clouds
162,Mawlaik,MM,23.6333,94.4167,75.31,98,66,0.47,broken clouds
163,Bahir Dar,ET,11.5936,37.3908,61.27,97,100,4.97,moderate rain
164,Leopoldina,BR,-21.5319,-42.6431,74.48,61,100,4.76,overcast clouds
165,Klaksvik,FO,62.2266,-6.589,54.52,84,100,27.4,overcast clouds
166,Iskateley,RU,67.6803,53.1512,60.1,61,85,6.98,overcast clouds
167,Soyo,AO,-6.1349,12.3689,72.23,77,5,9.66,clear sky
168,Kununurra,AU,-15.7667,128.7333,66.18,77,8,0.0,clear sky
169,Pokhara,NP,28.2333,83.9833,73.11,98,100,1.01,light rain
170,Muncar,ID,-8.4333,114.3333,75.13,92,77,0.96,broken clouds
171,Mar Del Plata,AR,-38.0023,-57.5575,56.95,60,40,13.8,scattered clouds
172,Khasan,RU,42.4308,130.6434,69.15,75,76,2.26,broken clouds
173,Qaanaaq,GL,77.484,-69.3632,37.08,64,1,5.06,clear sky
174,Luderitz,NA,-26.6481,15.1594,61.59,65,51,13.0,broken clouds
175,Talaya,RU,61.3833,152.75,55.51,81,100,2.21,overcast clouds
176,Balkanabat,TM,39.5108,54.3671,92.26,25,28,5.93,scattered clouds
177,Carutapera,BR,-1.195,-46.02,85.32,66,36,8.28,scattered clouds
178,Beringovskiy,RU,63.05,179.3167,50.95,91,61,11.03,broken clouds
179,Maragogi,BR,-9.0122,-35.2225,79.56,63,5,5.53,clear sky
180,Saint-Georges,GD,12.0564,-61.7485,82.65,78,89,11.41,overcast clouds
181,Takaka,NZ,-40.85,172.8,44.56,85,95,4.07,overcast clouds
182,Goya,AR,-29.14,-59.2626,59.31,50,27,6.44,scattered clouds
183,Olafsvik,IS,64.8945,-23.7142,48.63,79,79,9.48,broken clouds
184,Hualmay,PE,-11.0964,-77.6139,66.6,67,19,9.28,few clouds
185,Namatanai,PG,-3.6667,152.4333,78.4,85,100,5.88,light rain
186,Port Lincoln,AU,-34.7333,135.8667,52.75,77,82,19.66,light rain
187,Pandan,PH,14.0453,124.1694,79.41,84,100,5.12,overcast clouds
188,Gazanjyk,TM,39.2446,55.5154,92.48,19,28,4.65,scattered clouds
189,Husavik,IS,66.0449,-17.3389,47.23,84,95,14.72,overcast clouds
190,Sao Gabriel Da Cachoeira,BR,-0.1303,-67.0892,91.22,49,56,4.79,broken clouds
191,Talnakh,RU,69.4865,88.3972,47.25,86,100,5.77,overcast clouds
192,Gazojak,TM,41.1875,61.4036,84.87,22,0,9.24,clear sky
193,Padang,ID,-0.9492,100.3543,78.12,84,60,3.11,broken clouds
194,Manta,EC,-0.95,-80.7333,76.78,69,100,5.75,overcast clouds
195,Alihe,CN,50.5667,123.7167,53.06,92,83,3.22,light rain
196,Poum,NC,-20.2333,164.0167,69.67,57,0,22.37,clear sky
197,Lakes Entrance,AU,-37.8811,147.981,44.17,70,100,4.65,overcast clouds
198,Longyearbyen,SJ,78.2186,15.6401,48.04,81,75,3.44,broken clouds
199,Daru,PG,-9.0763,143.2092,75.54,88,100,16.35,overcast clouds
200,Miramar,US,25.9873,-80.2323,92.01,65,40,12.66,scattered clouds
201,Chicama,PE,-7.8447,-79.1469,61.34,65,63,7.74,broken clouds
202,Japura,ID,-0.3167,102.35,76.3,89,48,2.62,scattered clouds
203,Stornoway,GB,58.2093,-6.3865,63.93,87,75,13.8,broken clouds
204,San Patricio,US,28.017,-97.5169,91.08,49,4,2.8,clear sky
205,Guerrero Negro,MX,27.9769,-114.0611,79.61,58,83,7.87,broken clouds
206,Pedernales,DO,18.0384,-71.744,86.56,61,4,9.35,clear sky
207,Bobcaygeon,CA,44.5462,-78.542,75.15,45,3,4.99,clear sky
208,Naze,JP,28.3667,129.4833,80.17,77,96,4.7,overcast clouds
209,Grootfontein,NA,-19.5667,18.1167,77.92,10,0,3.18,clear sky
210,Miri,MY,4.4148,114.0089,79.12,84,66,2.06,broken clouds
211,Maarianhamina,AX,60.0973,19.9348,66.06,82,0,11.5,clear sky
212,Hay River,CA,60.8156,-115.7999,66.13,51,77,14.5,broken clouds
213,Dikson,RU,73.5069,80.5464,41.23,95,100,12.93,overcast clouds
214,Francisco Sa,BR,-16.4758,-43.4883,87.75,22,40,8.95,scattered clouds
215,Meulaboh,ID,4.1363,96.1285,77.94,83,19,3.62,few clouds
216,Torbay,CA,47.6666,-52.7314,59.58,87,100,18.99,overcast clouds
217,Sapozhok,RU,53.9419,40.6806,67.05,82,86,7.05,overcast clouds
218,Treinta Y Tres,UY,-33.2333,-54.3833,57.15,61,6,7.07,clear sky
219,Coihaique,CL,-45.5752,-72.0662,47.01,76,100,3.44,overcast clouds
220,Jizan,SA,17.3333,42.6667,89.64,65,99,6.44,overcast clouds
221,Muros,ES,42.7762,-9.0603,79.16,68,66,4.65,broken clouds
222,Shanghai,CN,31.2222,121.4581,89.46,83,0,8.95,clear sky
223,Ilulissat,GL,69.2167,-51.1,42.82,93,100,6.91,light intensity drizzle rain
224,Narsaq,GL,60.9167,-46.05,53.82,59,99,4.52,overcast clouds
225,Dongsheng,CN,39.8161,109.9776,68.09,85,5,5.75,clear sky
226,Bilibino,RU,68.0546,166.4372,52.47,95,3,1.34,clear sky
227,Manokwari,ID,-0.8667,134.0833,77.4,81,75,3.67,broken clouds
228,Madimba,TZ,-10.4,40.3333,74.64,76,34,13.65,scattered clouds
229,Isugod,PH,9.3408,118.1196,79.14,85,100,2.04,overcast clouds
230,Kamennogorsk,RU,60.9545,29.1339,71.29,49,61,9.48,broken clouds
231,Cockburn Town,TC,21.4612,-71.1419,81.5,77,7,16.96,clear sky
232,Tiksi,RU,71.6872,128.8694,49.05,93,100,3.96,overcast clouds
233,Beloha,MG,-25.1667,45.05,73.72,45,52,13.2,broken clouds
234,Hasaki,JP,35.7333,140.8333,79.29,91,100,16.75,overcast clouds
235,Thompson,CA,55.7435,-97.8558,66.0,44,0,5.73,clear sky
236,Ust-Kuyga,RU,70.0167,135.6,56.52,70,32,3.29,scattered clouds
237,Nokia,FI,61.4667,23.5,72.01,53,0,11.99,clear sky
238,Lobito,AO,-12.3481,13.5456,70.74,79,0,7.18,clear sky
239,Ojuelos De Jalisco,MX,21.8667,-101.5833,66.49,50,82,8.59,broken clouds
240,Lagoa,PT,39.05,-27.9833,70.99,70,63,6.98,broken clouds
241,Rio Gallegos,AR,-51.6226,-69.2181,42.04,77,76,9.46,broken clouds
242,Qeshm,IR,26.9581,56.2719,96.67,74,100,11.63,overcast clouds
243,Mbandaka,CD,0.0487,18.2603,85.82,46,44,1.12,scattered clouds
244,Saint-Augustin,CA,51.226,-58.6502,66.88,53,1,11.01,clear sky
245,Grafton,US,42.207,-71.6856,76.51,72,100,4.61,overcast clouds
246,Russkiy Aktash,RU,55.0384,52.1214,73.71,68,96,2.59,overcast clouds
247,Lafia,NG,8.4833,8.5167,84.65,69,82,6.17,light rain
248,Kruisfontein,ZA,-34.0033,24.7314,59.88,83,99,4.65,overcast clouds
249,Egvekinot,RU,66.3167,-179.1667,51.78,87,40,3.8,scattered clouds
250,Tutzing,DE,47.9094,11.2803,77.56,39,2,13.8,clear sky
251,Asau,RO,46.4333,26.4,67.28,79,100,7.11,overcast clouds
252,Los Llanos De Aridane,ES,28.6585,-17.9182,73.13,78,75,10.36,broken clouds
253,Rochegda,RU,62.8,43.25,63.28,62,59,3.78,broken clouds
254,Celestun,MX,20.8667,-90.4,84.7,63,26,5.48,scattered clouds
255,Conakry,GN,9.538,-13.6773,79.68,82,100,11.81,light rain
256,Bereda,ES,43.2686,-7.5406,88.12,35,91,5.41,light rain
257,Buala,SB,-8.145,159.5921,78.31,82,79,1.7,broken clouds
258,Mikuni,JP,36.2171,136.1519,79.56,83,99,5.39,heavy intensity rain
259,Ust-Ilimsk,RU,58.0006,102.6619,57.78,82,88,2.95,overcast clouds
260,Along,IN,28.1667,94.7667,76.12,92,36,1.59,scattered clouds
261,Prior Lake,US,44.7133,-93.4227,81.91,71,0,8.05,clear sky
262,San Cristobal,VE,7.7669,-72.225,80.78,73,100,6.4,overcast clouds
263,Raga,SS,8.4596,25.678,76.01,93,95,3.67,light rain
264,Tynda,RU,55.1667,124.7167,50.29,95,100,3.53,overcast clouds
265,La Paz,BO,-16.5,-68.15,55.38,35,20,5.75,few clouds
266,Itoman,JP,26.1247,127.6694,84.22,79,20,3.44,few clouds
267,Rundu,NA,-17.9333,19.7667,80.46,7,0,4.56,clear sky
268,Tabuk,PH,17.4189,121.4443,75.54,91,100,0.87,overcast clouds
269,Mayumba,GA,-3.432,10.6554,72.28,83,45,8.25,scattered clouds
270,Luangwa,ZM,-15.6167,30.4167,74.95,33,0,3.44,clear sky
271,Harper,LR,4.375,-7.7169,76.68,75,98,10.56,overcast clouds
272,Zyryanka,RU,65.75,150.85,62.76,78,100,5.48,light rain
273,Dunedin,NZ,-45.8742,170.5036,41.81,79,100,7.63,overcast clouds
274,Ukiah,US,39.1502,-123.2078,65.05,71,0,0.0,clear sky
275,Bam,IR,29.106,58.357,96.91,14,18,12.41,few clouds
276,Sangueya,GN,10.7,-14.3667,81.1,85,95,6.64,light rain
277,Wilkinsburg,US,40.4417,-79.882,75.56,70,100,4.61,overcast clouds
278,Asarganj,IN,25.15,86.6833,80.62,81,63,15.37,broken clouds
279,Lasa,IT,46.6166,10.7002,80.69,67,90,3.02,overcast clouds
280,Aklavik,CA,68.2191,-135.0107,45.68,72,84,10.71,broken clouds
281,Ancud,CL,-41.8697,-73.8203,50.23,80,99,9.15,overcast clouds
282,Svetlaya,RU,46.5389,138.3297,64.69,71,19,5.88,few clouds
283,Acapulco,MX,16.8634,-99.8901,80.42,78,100,3.44,overcast clouds
284,Prainha,BR,-1.8,-53.48,93.69,34,61,4.74,broken clouds
285,Nome,US,64.5011,-165.4064,48.27,87,100,11.5,overcast clouds
286,Stokmarknes,NO,68.5646,14.9108,57.18,82,75,17.27,broken clouds
287,Broken Hill,AU,-31.95,141.4333,55.35,48,100,25.34,overcast clouds
288,Bilma,NE,18.6853,12.9164,107.38,13,66,9.44,broken clouds
289,Dawei,MM,14.0833,98.2,75.2,96,100,1.92,overcast clouds
290,Tocopilla,CL,-22.092,-70.1979,66.47,59,10,2.93,clear sky
291,Maniitsoq,GL,65.4167,-52.9,42.71,91,100,7.61,light rain
292,Lagos,NG,6.5833,3.75,81.32,65,69,9.01,broken clouds
293,Ewa Beach,US,21.3156,-158.0072,78.75,68,0,23.02,clear sky
294,Nanakuli,US,21.3906,-158.1547,78.75,62,0,4.61,clear sky
295,Burnie,AU,-41.0667,145.9167,49.95,75,87,12.01,light rain
296,Erzin,TR,36.9559,36.2,78.35,81,73,8.79,broken clouds
297,Souillac,MU,-20.5167,57.5167,69.76,62,51,21.59,broken clouds
298,Sao Joao Da Barra,BR,-21.6403,-41.0511,84.29,58,48,8.79,scattered clouds
299,Altay,CN,47.8667,88.1167,73.81,36,100,2.35,overcast clouds
300,Lorengau,PG,-2.0226,147.2712,79.81,83,100,6.22,overcast clouds
301,Kazaki,RU,52.6248,38.2649,70.02,75,99,14.0,overcast clouds
302,General Roca,AR,-39.0333,-67.5833,53.37,45,4,6.08,clear sky
303,Coronado,US,32.6859,-117.1831,89.08,79,20,4.61,few clouds
304,Mahajanga,MG,-15.7167,46.3167,77.5,54,3,21.09,clear sky
305,Mitu,CO,1.1983,-70.1733,82.26,77,57,2.8,broken clouds
306,Chinchani,IN,19.8667,72.7,80.28,90,100,24.65,overcast clouds
307,Nyurba,RU,63.2842,118.3319,55.81,88,100,2.53,overcast clouds
308,Troitsko-Pechorsk,RU,62.7084,56.1964,62.06,54,100,11.39,overcast clouds
309,Aiani,GR,40.1667,21.8167,87.53,21,76,3.44,broken clouds
310,Novaya Bryan,RU,51.7159,108.2691,61.48,49,100,2.84,overcast clouds
311,Rapu-Rapu,PH,13.1866,124.1256,82.11,75,93,2.98,overcast clouds
312,Suntar,RU,62.1444,117.6319,58.51,79,93,4.54,overcast clouds
313,Ostrovnoy,RU,68.0531,39.5131,60.57,75,100,15.48,overcast clouds
314,Araceli,PH,10.5529,119.9913,82.09,74,100,3.56,overcast clouds
315,Uchiza,PE,-8.4592,-76.4633,71.01,97,93,1.95,overcast clouds
316,Jinchang,CN,38.4953,102.1739,77.32,64,99,6.15,overcast clouds
317,Vardo,NO,70.3705,31.1107,55.38,94,75,11.5,broken clouds
318,Leningradskiy,RU,69.3833,178.4167,41.49,93,87,6.98,overcast clouds
319,Yar-Sale,RU,66.8333,70.8333,55.22,62,98,4.16,overcast clouds
320,Temyasovo,RU,52.9933,58.1014,64.35,65,31,1.83,scattered clouds
321,Alofi,NU,-19.0595,-169.9187,76.21,77,10,17.63,clear sky
322,Saint Pete Beach,US,27.7253,-82.7412,92.25,65,0,8.05,clear sky
323,Quirinopolis,BR,-18.4483,-50.4517,69.48,31,99,12.66,overcast clouds
324,Conguaco,GT,14.0442,-90.0311,72.12,69,83,3.8,broken clouds
325,Beohari,IN,24.05,81.3833,77.07,91,93,7.54,overcast clouds
326,Puerto Ayora,EC,-0.7393,-90.3518,78.76,83,96,4.0,overcast clouds
327,Buribay,RU,51.9617,58.1592,71.8,50,46,7.11,scattered clouds
328,Khash,IR,28.2211,61.2158,86.76,16,100,20.0,overcast clouds
329,Samarai,PG,-10.6167,150.6667,77.99,78,95,15.93,overcast clouds
330,Gornopravdinsk,RU,60.05,69.9,61.88,58,45,5.41,scattered clouds
331,Baherden,TM,38.4362,57.4316,89.98,19,9,12.77,clear sky
332,Murgab,TM,37.4966,61.9714,83.44,17,0,12.06,clear sky
333,Yenagoa,NG,4.9247,6.2642,80.51,77,87,8.5,light rain
334,Tananger,NO,58.9333,5.6,72.12,79,20,12.66,few clouds
335,Huadian,CN,42.9633,126.7478,66.15,98,100,6.49,light rain
336,Broome,US,42.2506,-75.833,75.02,66,100,6.91,overcast clouds
337,Seoul,KR,37.5683,126.9778,74.64,96,99,2.28,overcast clouds
338,Nouadhibou,MR,20.931,-17.0347,76.05,70,1,26.22,clear sky
339,Santa Vitoria Do Palmar,BR,-33.5189,-53.3681,56.8,58,6,8.23,clear sky
340,Chipinge,ZW,-20.1883,32.6236,64.2,58,14,5.84,few clouds
341,Virginia Beach,US,36.8529,-75.978,93.02,66,40,10.36,scattered clouds
342,Barletta,IT,41.3118,16.2908,82.67,59,60,9.69,broken clouds
343,Gari,RU,59.4307,62.3497,65.73,79,93,2.57,light rain
344,Puerto Del Rosario,ES,28.5004,-13.8627,76.75,69,20,16.11,few clouds
345,Pacific Grove,US,36.6177,-121.9166,69.03,75,0,5.99,clear sky
346,Bathsheba,BB,13.2167,-59.5167,88.41,70,20,11.5,few clouds
347,Vestmannaeyjar,IS,63.4427,-20.2734,52.79,87,75,12.66,broken clouds
348,Williamstown,US,39.6862,-74.9952,90.73,61,0,4.0,clear sky
349,Ayorou,NE,14.7308,0.9174,96.58,34,10,5.35,clear sky
350,Onokhino,RU,56.925,65.5394,71.92,82,63,1.36,light rain
351,Adrar,MR,20.5022,-10.0711,108.21,8,19,12.12,few clouds
352,Okhotsk,RU,59.3833,143.3,56.46,94,100,5.3,light rain
353,Namibe,AO,-15.1961,12.1522,65.93,79,7,10.69,clear sky
354,Umm Kaddadah,SD,13.6017,26.6876,84.2,56,99,5.35,overcast clouds
355,Kloulklubed,PW,7.0419,134.2556,77.5,74,68,3.56,broken clouds
356,Emerald,AU,-23.5333,148.1667,47.34,79,3,6.98,clear sky
357,Waingapu,ID,-9.6567,120.2641,75.96,85,100,5.66,overcast clouds
358,Mizque,BO,-17.941,-65.3402,69.78,31,0,4.56,clear sky
359,Te Anau,NZ,-45.4167,167.7167,35.92,95,93,3.87,overcast clouds
360,Manacapuru,BR,-3.2997,-60.6206,93.09,38,8,4.65,clear sky
361,Kahului,US,20.8947,-156.47,78.84,69,0,16.11,clear sky
362,Bumba,CD,2.1833,22.4667,83.64,64,100,1.88,overcast clouds
363,Katangli,RU,51.7102,143.2326,56.32,80,16,6.46,few clouds
364,Jackson,US,42.4165,-122.8345,68.04,57,0,8.05,clear sky
365,Moa,CU,20.6569,-74.9403,85.68,67,18,13.51,few clouds
366,Feijo,BR,-8.1642,-70.3536,77.88,62,96,7.56,overcast clouds
367,Linxia,CN,35.6003,103.2064,70.68,85,100,3.27,overcast clouds
368,Hami,CN,42.8,93.45,94.37,17,4,8.37,clear sky
369,Okoneshnikovo,RU,54.8377,75.0834,64.99,83,74,7.96,broken clouds
370,San Antonio,US,29.4241,-98.4936,92.39,54,0,8.05,clear sky
371,San Carlos De Bariloche,AR,-41.1456,-71.3082,40.44,54,100,0.0,fog
372,Constitucion,CL,-35.3333,-72.4167,56.28,57,0,6.64,clear sky
373,Labuhan,ID,-6.8844,112.2051,78.91,83,46,7.94,scattered clouds
374,Dingle,PH,10.9995,122.6711,75.92,91,100,2.48,overcast clouds
375,Jurm,AF,36.8648,70.8342,69.76,38,1,3.27,clear sky
376,Pitimbu,BR,-7.4706,-34.8086,86.59,64,5,9.95,clear sky
377,Kandrian,PG,-6.2167,149.55,75.36,92,94,7.05,overcast clouds
378,Beruwala,LK,6.4788,79.9828,78.01,87,56,1.77,broken clouds
379,Xicotencatl,MX,23.0167,-98.8833,87.53,58,83,5.88,broken clouds
380,Matara,LK,5.9485,80.5353,76.55,88,38,7.09,scattered clouds
381,Mabaruma,GY,8.2,-59.7833,91.22,49,87,4.52,overcast clouds
382,Nekrasovka,RU,48.3525,135.2325,57.22,93,0,6.71,clear sky
383,Rawson,AR,-43.3002,-65.1023,54.25,44,100,6.6,overcast clouds
384,Hovd,MN,48.0056,91.6419,71.51,33,100,4.83,overcast clouds
385,Santa Maria,BR,-29.6842,-53.8069,56.43,70,60,8.21,broken clouds
386,Pimampiro,EC,0.4,-77.9667,57.67,94,100,4.63,moderate rain
387,Port Keats,AU,-14.25,129.55,71.89,86,20,1.9,few clouds
388,Saint-Raphael,HT,19.4333,-72.2,84.96,55,24,10.22,few clouds
389,Santa Cruz,BO,-17.8,-63.1667,67.46,42,0,14.97,clear sky
390,Pak Phanang,TH,8.3511,100.202,80.92,78,100,12.1,overcast clouds
391,Karratha,AU,-20.7377,116.8463,67.39,44,0,7.43,clear sky
392,Filingue,NE,14.3521,3.3168,95.41,36,5,6.51,clear sky
393,Lubao,PH,14.9167,120.55,78.51,86,82,4.38,light rain
394,Sinop,TR,41.7711,34.8709,73.27,52,2,5.88,clear sky
395,Kenai,US,60.5544,-151.2583,52.14,96,0,0.0,clear sky
396,Sola,VU,-13.8833,167.55,79.03,81,16,22.26,few clouds
397,Keetmanshoop,NA,-26.5833,18.1333,76.55,8,21,6.87,few clouds
398,Hamilton,US,39.1834,-84.5333,81.16,83,100,5.75,overcast clouds
399,Puerto Escondido,MX,15.85,-97.0667,85.03,70,75,5.75,broken clouds
400,Rabo De Peixe,PT,37.8,-25.5833,76.51,57,20,14.97,few clouds
401,Whitehorse,CA,60.7161,-135.0538,51.31,76,100,5.99,overcast clouds
402,Baijiantan,CN,45.6333,85.1833,83.28,40,100,14.23,overcast clouds
403,Progreso,MX,21.2833,-89.6667,85.1,63,19,6.6,few clouds
404,Havelock,US,34.8791,-76.9013,93.94,72,77,1.01,broken clouds
405,Viedma,AR,-40.8135,-62.9967,59.14,40,86,23.71,overcast clouds
406,Sampit,ID,-2.5333,112.95,75.52,95,99,2.39,overcast clouds
407,Muisne,EC,0.6,-80.0333,75.0,85,100,11.45,overcast clouds
408,Ust-Nera,RU,64.5667,143.2,62.98,80,100,4.23,light rain
409,Coahuayana,MX,18.7333,-103.6833,88.18,60,80,1.32,broken clouds
410,Tukrah,LY,32.5341,20.5791,85.01,55,0,13.04,clear sky
411,Tam Ky,VN,15.5667,108.4833,77.81,89,100,5.01,light rain
412,Leh,IN,34.1667,77.5833,73.33,29,15,5.37,few clouds
413,Sur,OM,22.5667,59.5289,87.69,61,100,11.1,overcast clouds
414,Mairi,BR,-11.7114,-40.1489,82.78,31,2,5.17,clear sky
415,Jawhar,SO,2.7809,45.5005,76.05,76,100,16.8,overcast clouds
416,Sangar,RU,63.9242,127.4739,54.84,87,0,3.71,clear sky
417,Golden,US,39.7555,-105.2211,85.15,41,0,3.0,clear sky
418,Port Hawkesbury,CA,45.6169,-61.3485,67.96,88,100,5.01,overcast clouds
419,Yumen,CN,40.2833,97.2,82.47,40,0,17.69,clear sky
420,Norman Wells,CA,65.282,-126.8329,48.36,89,100,7.23,light rain
421,Belaya Gora,RU,68.5333,146.4167,57.74,61,0,6.89,clear sky
422,Vila Velha,BR,-20.3297,-40.2925,85.95,56,0,13.8,clear sky
423,Novoagansk,RU,61.9449,76.6625,63.72,53,83,9.44,broken clouds
424,Gat,IL,31.61,34.7642,84.81,100,0,12.15,clear sky
425,Bandarbeyla,SO,9.4942,50.8122,77.95,81,78,33.11,broken clouds
426,Agirish,RU,61.9247,63.0231,68.79,48,100,5.79,overcast clouds
427,Bafra,TR,41.5678,35.9069,82.81,64,0,11.05,clear sky
428,Mentana,IT,42.0349,12.6424,91.69,51,20,10.36,light rain
429,Shenjiamen,CN,29.9576,122.298,81.59,90,88,19.82,overcast clouds
430,Pavino,RU,59.1139,46.1414,56.28,96,93,4.88,overcast clouds
431,Townsend,US,39.3951,-75.6916,90.1,70,1,6.96,clear sky
432,Nurota,UZ,40.5614,65.6886,79.9,20,0,16.02,clear sky
433,Nhulunbuy,AU,-12.2333,136.7667,74.01,88,0,6.91,clear sky
434,Imeni Poliny Osipenko,RU,52.4201,136.4853,54.72,97,100,5.82,light rain
435,Tortosa,ES,40.8125,0.5216,95.25,36,37,12.88,scattered clouds
436,Gushikawa,JP,26.3544,127.8686,83.43,89,0,3.44,clear sky
437,Mineiros,BR,-17.5694,-52.5511,68.38,28,98,11.95,overcast clouds
438,Lata,PT,40.1629,-8.3327,84.49,50,4,10.85,clear sky
439,Kirakira,SB,-10.4544,161.9205,77.22,86,64,6.96,broken clouds
440,Teeli,RU,51.0333,90.2333,59.97,77,92,5.46,overcast clouds
441,Plaster Rock,CA,46.9065,-67.39,68.95,51,15,3.96,few clouds
442,Victor Harbor,AU,-35.5667,138.6167,51.01,83,80,1.01,light rain
443,Governador Valadares,BR,-18.8511,-41.9494,90.5,29,86,5.46,overcast clouds
444,Savannah Bight,HN,16.45,-85.85,81.18,79,100,14.7,overcast clouds
445,Viesca,MX,25.35,-102.8,82.89,38,21,4.79,few clouds
446,Grand Gaube,MU,-20.0064,57.6608,70.38,54,34,8.99,scattered clouds
447,Kantunilkin,MX,21.0917,-87.45,86.81,62,43,5.37,scattered clouds
448,Hirara,JP,24.8,125.2833,84.99,72,0,9.51,clear sky
449,Tual,ID,-5.6667,132.75,79.47,82,59,16.17,broken clouds
450,Saryozek,KZ,44.3583,77.9753,70.3,47,28,7.74,scattered clouds
451,Tshikapa,CD,-6.4167,20.8,96.31,13,10,4.27,clear sky
452,Coquimbo,CL,-29.9533,-71.3436,53.33,93,75,16.11,broken clouds
453,Jalu,LY,29.0331,21.5482,96.42,21,0,13.73,clear sky
454,Bogorodskoye,RU,56.55,37.8833,64.47,67,95,4.92,overcast clouds
455,Razole,IN,16.4833,81.8333,81.3,76,100,6.35,light rain
456,Martapura,ID,-3.4167,114.85,75.29,100,100,1.14,light rain
457,Clyde River,CA,70.4692,-68.5914,44.74,62,41,1.03,scattered clouds
458,Pingliang,CN,35.5392,106.6861,75.15,72,58,4.03,broken clouds
459,Moerai,PF,-22.4333,-151.3333,71.29,77,14,6.82,few clouds
460,Sioux Lookout,CA,50.1001,-91.917,66.79,40,2,12.03,clear sky
461,Melilla,ES,35.2937,-2.9383,89.8,79,20,10.36,few clouds
462,Solnechnyy,RU,50.7214,136.6319,56.07,95,100,5.14,light rain
463,Christchurch,NZ,-43.5333,172.6333,39.4,77,100,6.91,overcast clouds
464,Kholodnyy,RU,62.7167,147.95,53.38,94,100,3.62,light rain
465,Atherton,GB,53.5237,-2.4935,89.29,42,7,1.99,clear sky
466,Esna,EG,25.2934,32.554,102.81,17,5,16.37,clear sky
467,Aripuana,BR,-9.1667,-60.6333,85.69,42,53,5.57,broken clouds
468,Urengoy,RU,65.9667,78.3667,55.35,53,39,9.22,scattered clouds
469,Sosenskiy,RU,54.059,35.9623,62.64,89,100,7.81,overcast clouds
470,Walvis Bay,NA,-22.9575,14.5053,61.75,67,0,12.66,clear sky
471,Kathmandu,NP,27.7167,85.3167,73.62,94,75,2.3,moderate rain
472,West Bay,KY,19.3667,-81.4167,89.67,78,40,13.8,scattered clouds
473,Siniscola,IT,40.5719,9.6922,85.55,46,17,8.48,few clouds
474,Paamiut,GL,61.994,-49.6678,43.72,83,86,10.94,overcast clouds
475,Ulaanbaatar,MN,47.9077,106.8832,55.53,76,20,2.24,few clouds
476,Mabini,PH,15.6,120.9833,76.15,91,100,2.55,overcast clouds
477,Chapar,IN,26.2667,90.4667,79.81,89,20,3.98,few clouds
478,Marzuq,YE,14.4,46.4667,80.42,61,64,10.2,light rain
479,Ishigaki,JP,24.3448,124.1572,82.53,94,75,2.3,broken clouds
480,Syedove,UA,47.0768,38.156,86.67,44,3,9.48,clear sky
481,Labuan,MY,5.2767,115.2417,82.76,89,20,0.0,few clouds
482,Tambovka,RU,50.0969,128.0489,53.13,94,60,4.85,broken clouds
483,Presidente Epitacio,BR,-21.7633,-52.1156,56.17,65,75,13.62,broken clouds
484,Geraldton,AU,-28.7667,114.6,45.01,93,13,6.91,few clouds
485,Presidencia Roque Saenz Pena,AR,-26.7852,-60.4388,65.01,39,6,4.88,clear sky
486,Pathein,MM,16.7833,94.7333,76.15,91,100,1.48,overcast clouds
487,El Triunfo,EC,-1.9333,-79.9667,78.84,58,95,3.62,overcast clouds
488,Pathalgaon,IN,22.5667,83.4667,71.83,97,100,9.1,heavy intensity rain
489,Ixtapa,MX,20.7,-105.2,84.22,83,75,3.44,broken clouds
490,Tuatapere,NZ,-46.1333,167.6833,38.89,89,99,3.67,overcast clouds
491,Riyadh,SA,24.6877,46.7219,107.74,9,62,11.18,broken clouds
492,Grand Forks,US,47.9417,-97.4337,73.33,56,0,8.05,clear sky
493,Saint George,US,37.1041,-113.5841,88.43,49,0,4.61,clear sky
494,Nalut,LY,30.3333,10.85,96.96,14,1,12.19,clear sky
495,Locri,IT,38.2414,16.2623,86.32,58,77,7.45,broken clouds
496,Ambilobe,MG,-13.2,49.05,71.44,76,17,4.76,few clouds
497,Norfolk,US,42.1668,-71.2495,76.44,80,100,5.75,overcast clouds
498,Quatre Cocos,MU,-20.2078,57.7625,70.09,62,66,22.24,broken clouds
499,Tessalit,ML,20.1986,1.0114,103.98,17,8,3.74,clear sky
500,Limbang,MY,4.75,115.0,80.71,93,99,1.14,overcast clouds
501,Vredendal,ZA,-31.6683,18.5012,59.52,73,100,10.2,overcast clouds
502,Labytnangi,RU,66.6572,66.4183,55.38,57,59,3.56,broken clouds
503,Minab,IR,27.1467,57.0801,97.12,36,60,2.3,broken clouds
504,Kelamangalam,IN,12.6,77.85,72.73,82,82,15.73,broken clouds
505,Iquique,CL,-20.2208,-70.1431,59.04,62,29,4.83,scattered clouds
506,Nsanje,MW,-16.92,35.262,79.09,36,0,6.08,clear sky
507,Kolokani,ML,13.5728,-8.0339,84.22,64,95,5.79,light rain
508,Zhuhai,CN,22.2769,113.5678,80.38,100,75,12.66,thunderstorm with heavy rain
509,Eenhana,NA,-17.4667,16.3333,85.66,8,0,4.92,clear sky
510,Pochutla,MX,15.7432,-96.4661,89.82,52,23,3.87,few clouds
511,Ormara,PK,25.2088,64.6357,84.16,82,100,6.51,overcast clouds
512,Belle Fourche,US,44.6714,-103.8522,96.35,29,12,11.56,few clouds
513,Corn Island,NI,12.1694,-83.0418,81.64,84,94,16.73,overcast clouds
514,Tombouctou,ML,20.0,-3.0,105.4,20,25,7.56,scattered clouds
515,Danielskuil,ZA,-28.1887,23.5395,62.04,23,4,8.12,clear sky
516,North Bend,US,43.4065,-124.2243,69.24,90,100,5.75,overcast clouds
517,Valpacos,PT,41.6075,-7.3109,94.44,27,4,4.59,light rain
518,Kurilsk,RU,45.2333,147.8833,62.19,97,97,7.02,overcast clouds
519,Nampa,US,43.5407,-116.5635,72.79,83,0,4.61,haze
520,Yermakovskoye,RU,53.2831,92.4003,60.28,66,1,1.88,clear sky
521,Baruun-Urt,MN,46.6806,113.2792,60.35,49,48,7.76,scattered clouds
522,Utete,TZ,-7.986,38.758,78.3,55,98,9.55,overcast clouds
523,Anadyr,RU,64.75,177.4833,59.5,77,0,2.24,clear sky
524,Tazmalt,DZ,36.3868,4.3989,99.45,13,27,12.37,scattered clouds
525,Krasnoselkup,RU,65.7,82.4667,50.47,64,22,10.2,few clouds
526,Kampong Chhnang,KH,12.1667,104.55,76.5,89,100,6.08,overcast clouds
527,Caravelas,BR,-17.7125,-39.2481,80.69,54,7,14.61,clear sky
528,Tomatlan,MX,19.9333,-105.25,85.6,65,100,0.85,overcast clouds
529,Srednekolymsk,RU,67.45,153.6833,56.48,81,4,6.49,clear sky
530,Guisa,CU,20.255,-76.5386,88.66,49,6,7.81,clear sky
531,Kargil,IN,34.5667,76.1,68.29,47,34,8.43,scattered clouds
532,Olinda,BR,-8.0089,-34.8553,82.13,61,20,10.36,few clouds
533,Ayan,RU,56.45,138.1667,55.08,96,100,6.42,light rain
534,Alegrete,BR,-29.7831,-55.7919,57.22,64,0,10.69,clear sky
535,Hobyo,SO,5.3505,48.5268,77.22,82,75,24.56,broken clouds
536,Puerto Varas,CL,-41.3195,-72.9854,48.42,81,75,9.22,broken clouds
537,Sembe,CG,1.6481,14.5806,82.09,63,91,3.0,overcast clouds
538,Do Gonbadan,IR,30.3586,50.7981,104.09,31,40,0.0,scattered clouds
539,Minot,US,48.2325,-101.2963,71.82,53,0,8.05,clear sky
540,Sibolga,ID,1.7427,98.7792,76.53,85,51,3.83,broken clouds
541,Nowogard,PL,53.6744,15.1163,79.09,38,0,10.36,clear sky
542,Agadir,MA,30.4202,-9.5982,81.05,55,10,7.78,clear sky
543,Tura,IN,25.5198,90.2201,75.13,90,31,6.08,scattered clouds
544,Salalah,OM,17.0151,54.0924,77.09,100,100,8.05,light intensity drizzle
545,Bubaque,GW,11.2833,-15.8333,81.55,80,51,11.59,broken clouds
546,Tuymazy,RU,54.6067,53.7097,69.13,77,81,4.72,broken clouds
547,Zalantun,CN,48.0,122.7167,60.21,61,71,5.1,broken clouds
548,Comodoro Rivadavia,AR,-45.8667,-67.5,57.06,35,0,21.85,clear sky
549,Barabai,ID,-2.5833,115.3833,73.69,97,98,2.26,overcast clouds
550,Scranton,US,41.409,-75.6624,79.27,61,100,5.75,overcast clouds
551,Nicosia,CY,35.1667,33.3667,87.49,48,75,11.5,broken clouds
552,Methoni,GR,36.8197,21.7049,93.22,70,74,14.41,broken clouds
553,La Esperanza,GT,14.8667,-91.5667,66.07,73,75,4.61,broken clouds
554,Mandalgovi,MN,45.7625,106.2708,70.83,53,37,8.79,scattered clouds
555,Taphan Hin,TH,16.2209,100.4198,77.67,90,93,1.45,overcast clouds
556,Katsuura,JP,35.1333,140.3,80.29,90,98,13.4,overcast clouds
557,Kolyvan,RU,55.3053,82.7391,65.82,66,66,6.67,broken clouds
558,Boralday,KZ,43.3578,76.8594,75.06,41,75,4.47,broken clouds
559,Shahr-E Kord,IR,32.3256,50.8644,80.37,24,40,4.61,scattered clouds
560,Sorland,NO,67.667,12.6934,55.26,96,100,29.59,light rain
561,Kostomuksha,RU,64.571,30.5767,64.4,61,100,9.64,overcast clouds
562,Kota Kinabalu,MY,5.9749,116.0724,82.38,89,20,1.99,light rain
563,Changde,CN,29.0464,111.6783,79.92,59,100,1.72,overcast clouds
564,Mildura,AU,-34.2,142.15,54.07,67,100,17.31,light rain
565,Ponferrada,ES,42.5466,-6.5962,93.96,35,60,1.99,broken clouds
566,Channel-Port Aux Basques,CA,47.5702,-59.1367,62.87,70,12,12.15,few clouds
567,Narrabri,AU,-30.3167,149.7833,46.53,86,58,4.59,broken clouds
568,Rosiori,RO,44.8,27.3833,74.79,51,9,20.87,clear sky
569,Okha,RU,53.5739,142.9478,57.87,89,100,3.58,overcast clouds
570,Havre-Saint-Pierre,CA,50.2334,-63.5986,62.64,77,0,7.83,clear sky
571,Le Port,RE,-20.9373,55.2919,68.25,58,49,6.11,scattered clouds
572,Alice Springs,AU,-23.7,133.8833,60.35,51,100,10.36,overcast clouds
573,Charters Towers,AU,-20.1,146.2667,54.45,86,0,7.2,clear sky
574,Namwala,ZM,-15.7504,26.4384,75.9,20,0,3.94,clear sky
575,Ileza,RU,61.0533,43.9002,57.97,84,99,3.2,overcast clouds
576,Yerbogachen,RU,61.2767,108.0108,56.03,80,100,3.29,overcast clouds
577,Jaguey Grande,CU,22.5269,-81.1286,89.74,48,99,11.34,overcast clouds
578,Vokhtoga,RU,58.8147,41.0461,61.83,60,48,6.78,scattered clouds
579,Princeville,CA,45.7668,-61.2985,67.91,90,100,4.0,overcast clouds
580,Praia Da Vitoria,PT,38.7333,-27.0667,77.25,65,20,8.97,few clouds
581,Oro Valley,US,32.3909,-110.9665,87.66,57,36,3.0,scattered clouds
582,Kishi,NG,9.0833,3.85,82.04,66,94,5.93,overcast clouds
583,Limoncito,BO,-18.0167,-63.4,66.56,28,0,6.13,clear sky
584,Port-Gentil,GA,-0.7193,8.7815,76.96,78,100,13.8,overcast clouds
585,Aksay,RU,47.26,39.87,95.25,15,23,15.01,few clouds
586,Fortuna,US,40.5982,-124.1573,67.93,82,0,4.61,clear sky
587,Pailon,BO,-17.65,-62.75,69.48,23,0,9.24,clear sky
588,Kuusamo,FI,65.9667,29.1833,62.64,77,75,14.97,light rain
589,Jutai,BR,-5.1833,-68.9,76.24,80,85,6.62,overcast clouds
590,Horodnya,UA,51.8909,31.5974,67.82,69,100,8.95,overcast clouds
591,Takhli,TH,15.2634,100.3438,82.74,87,100,4.88,moderate rain
592,Stykkisholmur,IS,65.0757,-22.7297,47.5,87,100,3.29,overcast clouds
593,Rodrigues Alves,BR,-7.738,-72.6509,70.0,88,99,6.31,overcast clouds
594,Zhigansk,RU,66.7697,123.3711,58.66,73,70,7.83,broken clouds
595,Huilong,CN,31.8111,121.655,83.77,83,99,9.17,overcast clouds
596,Bogorodsk,RU,56.1033,43.5158,68.36,72,94,2.46,overcast clouds
597,Boquim,BR,-11.1469,-37.6206,83.88,45,30,6.15,scattered clouds
598,The Valley,AI,18.217,-63.0578,89.46,70,20,12.66,few clouds
599,Ulladulla,AU,-35.35,150.4667,48.31,91,96,5.08,overcast clouds
600,Ojinaga,MX,29.5667,-104.4167,89.42,42,0,6.91,clear sky
601,Rondonopolis,BR,-16.4708,-54.6356,73.09,33,100,11.21,overcast clouds
602,Madinat Sittah Uktubar,EG,29.8167,31.05,91.0,22,0,12.06,clear sky
603,Raudeberg,NO,61.9875,5.1352,61.47,77,100,34.52,overcast clouds
604,Phuket,TH,8.0,98.25,82.62,78,40,12.66,light rain
605,Vila Franca Do Campo,PT,37.7167,-25.4333,75.61,69,33,6.62,scattered clouds
606,Ozinki,RU,51.1786,49.6769,82.42,35,76,6.11,broken clouds
607,Rottingdean,GB,50.8098,-0.0594,87.31,45,0,8.05,clear sky
608,Manono,CD,-7.3,27.4167,88.02,20,6,2.75,clear sky
609,Weatherford,US,32.7593,-97.7972,94.21,55,53,6.51,broken clouds
610,Kukmor,RU,56.1855,50.8944,69.51,80,38,7.56,scattered clouds
611,Homer,US,59.6425,-151.5483,53.76,90,0,5.75,clear sky
612,Kismayo,SO,-0.3582,42.5454,76.01,82,100,17.6,overcast clouds
613,Thunder Bay,CA,48.4001,-89.3168,71.51,44,0,13.49,clear sky
614,Kamenka,RU,51.3223,42.7678,83.77,27,83,4.56,broken clouds
615,San Juan,AR,-31.5375,-68.5364,59.47,26,55,5.5,broken clouds
616,Dombarovskiy,RU,50.7587,59.5386,72.93,49,79,9.1,broken clouds
617,Kaiyuan,CN,23.6977,103.3037,68.94,86,86,1.86,overcast clouds
618,Tuy Hoa,VN,13.0833,109.3,78.58,83,100,5.64,overcast clouds
619,Mehran,IR,33.1222,46.1646,107.46,12,0,25.7,clear sky
620,Aksu,CN,41.1231,80.2644,75.02,46,74,10.78,broken clouds
621,Dwarka,IN,22.2394,68.9678,83.82,83,94,10.45,overcast clouds
622,Surgut,RU,61.25,73.4167,64.09,59,0,6.71,clear sky
623,Lukovetskiy,RU,64.2956,41.9211,63.95,61,98,2.01,overcast clouds
624,Berdyaush,RU,55.1619,59.1464,66.09,72,78,4.36,broken clouds
625,Porbandar,IN,21.6422,69.6093,83.73,83,100,10.96,overcast clouds
626,Gander,CA,48.9682,-54.5906,65.34,51,32,8.19,scattered clouds
627,Mahanoro,MG,-19.9,48.8,66.83,81,100,6.87,light rain
628,Hofn,IS,64.2539,-15.2082,62.62,45,20,18.41,haze
629,Udachnyy,RU,66.4167,112.4,62.06,80,100,7.0,overcast clouds
630,Luena,AO,-11.7833,19.9167,80.71,13,0,5.46,clear sky
631,Ketchikan,US,55.3422,-131.6461,63.07,63,0,12.66,clear sky
632,Venice,US,27.0998,-82.4543,92.07,75,0,11.5,haze
633,Zhanakorgan,KZ,43.9098,67.2495,77.63,31,0,8.79,clear sky
634,Waipawa,NZ,-41.4122,175.5153,40.06,79,71,9.53,broken clouds
635,Singapore,SG,1.2897,103.8501,84.2,77,75,6.91,broken clouds
636,Tigzirt,DZ,36.8886,4.1198,88.23,45,47,15.37,scattered clouds
637,Telfs,AT,47.3,11.0667,82.58,48,13,6.15,few clouds
638,Yulara,AU,-25.2406,130.9889,53.15,82,100,6.44,overcast clouds
639,Langsa,ID,4.4683,97.9683,74.66,95,14,2.75,few clouds
640,Xinzhi,CN,36.4989,111.7047,75.42,84,99,4.88,overcast clouds
641,Martaban,MM,16.5314,97.6111,76.19,92,97,4.83,overcast clouds
642,Luganville,VU,-15.5333,167.1667,75.29,87,91,11.07,overcast clouds
643,Srandakan,ID,-7.9386,110.2506,76.51,90,52,5.46,broken clouds
644,Rosetta,EG,31.4044,30.4164,81.79,66,0,9.66,clear sky
645,Pangnirtung,CA,66.1451,-65.7125,47.05,71,59,4.18,broken clouds
646,Lanuza,PH,9.2342,126.0644,76.96,90,39,3.02,scattered clouds
647,Lar,IN,26.2039,83.9717,86.18,63,71,20.87,broken clouds
648,College,US,64.8569,-147.8028,45.9,88,20,3.44,few clouds
649,Isla Mujeres,MX,21.2311,-86.731,86.16,80,98,9.82,overcast clouds
650,San Fernando,PH,15.0286,120.6898,78.53,87,78,2.91,light rain
651,Vostok,RU,46.4856,135.8833,54.21,95,98,6.64,overcast clouds
652,Hazorasp,UZ,41.3194,61.0742,82.24,22,3,12.46,clear sky
653,Vila,PT,42.0304,-8.1588,65.28,37,54,3.4,broken clouds
654,Bati,ET,11.1833,40.0167,71.22,67,100,2.68,light rain
655,Beyla,GN,8.6833,-8.6333,75.85,89,86,5.82,moderate rain
656,Kuybysheve,UA,47.358,36.6491,90.12,19,85,10.45,overcast clouds
657,Puerto Colombia,CO,10.9878,-74.9547,82.49,72,100,5.41,overcast clouds
658,Santa Lucia,ES,27.9117,-15.5407,73.76,61,20,29.93,few clouds
659,Atikokan,CA,48.7555,-91.6216,70.27,43,2,10.51,clear sky
660,Vieux Fort,LC,13.7167,-60.95,87.15,79,75,10.36,broken clouds
